{"value_loss": 0.47905312647422155, "_timestamp": 1701336703.2474608, "policy_loss": -0.020816645422407114, "dist_entropy": 1.5989051915804544, "actor_grad_norm": 0.6649543642997742, "critic_grad_norm": 3.097834348678589, "ratio": 1.0013524293899536, "average_episode_rewards": -83.45229029655457, "agent0/individual_rewards": -1.158717354528806, "agent0/time_to_goal": 2.42109375, "agent0/min_time_to_goal": 0.4180519403958794, "agent0/dist_to_goal": 1.0805923545288063, "agent0/num_agent_collisions": 0.09375, "agent0/num_obstacle_collisions": 0.2421875, "agent1/individual_rewards": -1.2433651246281672, "agent1/time_to_goal": 2.48515625, "agent1/min_time_to_goal": 0.4805738726519628, "agent1/dist_to_goal": 1.1652401246281672, "agent1/num_agent_collisions": 0.125, "agent1/num_obstacle_collisions": 0.4375, "agent2/individual_rewards": -1.2125157684038963, "agent2/time_to_goal": 2.475, "agent2/min_time_to_goal": 0.4996442216381774, "agent2/dist_to_goal": 1.1734532684038963, "agent2/num_agent_collisions": 0.125, "agent2/num_obstacle_collisions": 0.296875, "_runtime": 48.88135576248169, "_step": 3200, "_wandb": {"runtime": 118}}