{"value_loss": 0.05604417483694851, "_timestamp": 1701750703.9360168, "policy_loss": -0.01964012131863759, "dist_entropy": 0.47697130501270296, "actor_grad_norm": 1.3088016510009766, "critic_grad_norm": 0.376648485660553, "ratio": 0.9942731261253357, "average_episode_rewards": 296.3271379470825, "agent0/individual_rewards": 3.889194850021023, "agent0/time_to_goal": 1.025, "agent0/min_time_to_goal": 0.46007677898930655, "agent0/dist_to_goal": 0.038984399654495114, "agent0/num_agent_collisions": 0.609375, "agent0/num_obstacle_collisions": 0.3671875, "agent1/individual_rewards": 3.3722260140420217, "agent1/time_to_goal": 1.021875, "agent1/min_time_to_goal": 0.46739316406290676, "agent1/dist_to_goal": 0.04441250482161416, "agent1/num_agent_collisions": 0.6171875, "agent1/num_obstacle_collisions": 0.4140625, "agent2/individual_rewards": 3.53041708210924, "agent2/time_to_goal": 1.0437500000000002, "agent2/min_time_to_goal": 0.47488546145685945, "agent2/dist_to_goal": 0.04531515920397997, "agent2/num_agent_collisions": 0.8515625, "agent2/num_obstacle_collisions": 0.3359375, "agent3/individual_rewards": 3.602042786453076, "agent3/time_to_goal": 1.0289062500000001, "agent3/min_time_to_goal": 0.45696296965717315, "agent3/dist_to_goal": 0.05062656390751211, "agent3/num_agent_collisions": 0.640625, "agent3/num_obstacle_collisions": 0.3828125, "agent4/individual_rewards": 3.454648650492102, "agent4/time_to_goal": 0.9804687500000001, "agent4/min_time_to_goal": 0.45898462856297473, "agent4/dist_to_goal": 0.042569539951748316, "agent4/num_agent_collisions": 0.671875, "agent4/num_obstacle_collisions": 0.3671875, "agent5/individual_rewards": 3.33093379785769, "agent5/time_to_goal": 1.0562500000000001, "agent5/min_time_to_goal": 0.4656458753374095, "agent5/dist_to_goal": 0.04846461730720043, "agent5/num_agent_collisions": 0.78125, "agent5/num_obstacle_collisions": 0.4140625, "_runtime": 55717.061819791794, "_step": 1987200, "_wandb": {"runtime": 56078}}