{"value_loss": 0.06919264968608817, "_timestamp": 1701337831.1210341, "policy_loss": -0.04570295795530546, "dist_entropy": 1.270610126018524, "actor_grad_norm": 1.6047269105911255, "critic_grad_norm": 0.4318297505378723, "ratio": 1.004611849784851, "average_episode_rewards": -59.91724133491516, "agent0/individual_rewards": -0.5433179325285896, "agent0/time_to_goal": 2.421875, "agent0/min_time_to_goal": 0.4903396892570365, "agent0/dist_to_goal": 0.4657504218702909, "agent0/num_agent_collisions": 0.359375, "agent0/num_obstacle_collisions": 0.4921875, "agent1/individual_rewards": -0.6231551426547937, "agent1/time_to_goal": 2.4109374999999997, "agent1/min_time_to_goal": 0.44274300232073216, "agent1/dist_to_goal": 0.5059676426547937, "agent1/num_agent_collisions": 0.4296875, "agent1/num_obstacle_collisions": 0.6953125, "agent2/individual_rewards": -0.5905542025135535, "agent2/time_to_goal": 2.38515625, "agent2/min_time_to_goal": 0.4763294445832449, "agent2/dist_to_goal": 0.5129366858720514, "agent2/num_agent_collisions": 0.3671875, "agent2/num_obstacle_collisions": 0.5703125, "_runtime": 710.140563249588, "_step": 51200}